day;drug concentration (uM);spheroIndex;Name;Index;Wells;multiple;Area (pix2);Centroid;Perimeter (pix);Solidity;Equivalent Diameter (pix);Circularity;Aspect ratio;Mean grey value;Homogeneity;Energy;Correlation;viability score
0;0;3;3_0905_0;0;905;False;1718,5;(73, 76);168,8111819;0,940098468;46,77672667;0,75780415;0,973806297;452,4626991;0,964388058;0,917504004;0,928949375;110,0426973
0;0;4;4_1205_0;0;1205;False;1778,5;(82, 70);194,4680361;0,880227666;47,58630612;0,590972507;0,82761454;692,8479307;0,961578645;0,914105642;0,896839337;107,1844455
0;0;5;5_1504_0;0;1504;False;2285;(65, 68);252,0243852;0,820908928;53,93841265;0,452075468;0,663746623;603,9399816;0,948965014;0,889627545;0,91352857;84,84773634
0;0;7;7_1101_0;0;1101;False;1362,5;(70, 69);146,8111819;0,952464173;41,65079687;0,794379641;0,914499147;541,4609817;0,970696931;0,934296868;0,912357235;81,03673383
0;0;8;8_0801_0;0;801;False;1354,5;(80, 72);171,1543278;0,88097561;41,52833928;0,581049462;0,961335926;651,2154842;0,971015094;0,933683273;0,91827159;89,18804474
0;0;9;9_0501_0;0;501;False;1443,5;(81, 81);171,6396091;0,868531889;42,87098416;0,61573185;0,896798265;633,6550097;0,964143031;0,929749442;0,903491381;92,7343943
0;0;10;10_0202_0;0;202;False;1623,5;(67, 81);180,4680363;0,869344043;45,46541984;0,626414168;0,894893526;453,7275369;0,963156272;0,921412372;0,913272053;87,54719644
0;0;11;11_0205_0;0;205;False;1656,5;(67, 72);175,6396091;0,901006255;45,92517072;0,674770955;0,91898829;661,23595;0,96215212;0,920041871;0,901512575;86,80616818
0;0;12;12_0208_0;0;208;False;1454;(80, 78);198,3675307;0,794969929;43,02662313;0,464336791;0,690434904;511,4660866;0,966881369;0,928296951;0,907170097;91,83457426
0;0;14;14_0214_0;0;214;False;2012,5;(68, 73);286,0660154;0,745646536;50,62010059;0,30903895;0,430189931;465,8537131;0,946074569;0,901241986;0,905293425;101,7855252
0;0;15;15_0217_0;0;217;False;1490;(67, 69);167,3969682;0,898131404;43,5560205;0,668191514;0,947114193;602,3969282;0,964257649;0,927796633;0,900092892;121,846219
0;0;16;16_0220_0;0;220;False;1491,5;(70, 74);183,6396092;0,84576127;43,57793915;0,555776785;0,921428845;513,529849;0,96466866;0,927168031;0,911749016;128,0390981
0;0;17;17_0223_0;0;223;False;1511;(65, 82);166,0243855;0,907780114;43,86188496;0,688859363;0,947881788;623,586014;0,964019749;0,924464847;0,898809552;129,0977099
0;0;18;18_0524_0;0;524;False;1706;(77, 75);245,6812392;0,76485093;46,60629425;0,355177056;0,800377145;541,4115677;0,954519928;0,91544301;0,891919404;114,0654222
0;0,1;4;4_1205_0;0;1205;False;2213,5;(64, 77);346,20815;0,637253491;53,08781152;0,232067763;0,513964773;667,2850243;0,952663257;0,890248698;0,907076615;69,55079572
0;0,1;5;5_1504_0;0;1504;False;1615;(69, 75);169,5391041;0,915792458;45,34624422;0,706061649;0,932269218;658,7538758;0,963514318;0,922282113;0,904775113;137,5666043
0;0,1;6;6_1401_0;0;1401;False;1572;(80, 75);165,0538228;0,916083916;44,73849086;0,725122249;0,909162961;693,3600002;0,974294222;0,924419961;0,909390684;89,87614242
0;0,1;8;8_0801_0;0;801;False;1537,5;(73, 77);166,4680362;0,90627763;44,24483925;0,697209468;0,948980239;585,3122675;0,967606591;0,925654508;0,910181449;84,21256925
0;0,1;9;9_0501_0;0;501;False;1485,5;(72, 75);175,1543279;0,867192061;43,49019825;0,608472247;0,920623601;716,7006881;0,969683971;0,927704067;0,90699613;122,746039
0;0,1;10;10_0202_0;0;202;False;1355,5;(63, 69);154,8111819;0,917738659;41,54366622;0,710730141;0,836182735;617,1505239;0,972694866;0,934131718;0,908413304;94,26938142
0;0,1;11;11_0205_0;0;205;False;1339,5;(76, 72);154,4680361;0,915271609;41,2977526;0,705464773;0,925691926;436,7048477;0,97444308;0,935080338;0,914241185;89,92907301
0;0,1;16;16_0220_0;0;220;False;1852;(92, 75);277,4802285;0,627052649;48,5596503;0,302264232;0,529911788;586,0368192;0,963347241;0,908234971;0,906688418;81,24845619
0;1;5;5_1503_0;0;1503;False;2419,5;(69, 74);381,237588;0,728874831;55,5031808;0,209191514;0,634917866;437,9650306;0,944951044;0,878837966;0,895123019;30,03811003
0;1;6;6_1301_0;0;1301;False;1853;(78, 80);199,7401141;0,873438605;48,57275858;0,583652965;0,883453453;622,7191886;0,954559836;0,906187291;0,903730694;49,43717139
0;1;8;8_0701_0;0;701;False;2328;(77, 74);253,0538228;0,808193022;54,44356399;0,456843064;0,64163398;609,202102;0,944895041;0,888140818;0,921303764;52,45421504
0;1;10;10_0202_0;0;202;False;1652,5;(80, 71);200,6101713;0,837769328;45,86968877;0,51599493;0,874032707;620,732851;0,966401361;0,919627656;0,904731728;35,35763436
0;1;17;17_0223_0;0;223;False;1466,5;(70, 71);198,811182;0,822490185;43,21117671;0,466240844;0,890738812;670,7571328;0,96219715;0,927854775;0,896590684;78,28434313
0;2;2;2_0505_0;0;505;False;1569;(71, 80);168,2253958;0,92321271;44,69578107;0,696706224;0,840547331;785,4086731;0,967663735;0,924483896;0,900175866;40,17431808
0;2;3;3_0805_0;0;805;False;1431,5;(73, 84);151,9827553;0,94613351;42,69241629;0,778776054;0,973397706;479,5674967;0,973113131;0,930962174;0,922577574;50,28406083
0;2;5;5_1405_0;0;1405;False;1704,5;(70, 71);210,4680363;0,802873293;46,58580045;0,483542411;0,835614599;472,5504893;0,959132878;0,889173669;0,910292147;48,59028194
0;2;6;6_1401_0;0;1401;False;1941;(70, 59);228,0243849;0,823679185;49,71275446;0,469107972;0,576461366;461,5924102;0,967771116;0,905749004;0,917044959;39,45975511
0;2;7;7_1201_0;0;1201;False;1365,5;(74, 70);153,2964628;0,930811179;41,69662574;0,730192387;0,905983397;589,0722612;0,9740854;0,931559339;0,906097286;39,90966513
0;2;8;8_0801_0;0;801;False;1391,5;(76, 72);164,4680364;0,895719343;42,09171922;0,646442736;0,829307427;649,4015641;0,972281187;0,932619619;0,900938143;46,18194008
0;2;9;9_0501_0;0;501;False;1451,5;(65, 77);158,4680359;0,917799557;42,98961734;0,726346007;0,942369444;601,2495955;0,971699278;0,92984057;0,893963448;52,50714563
0;2;10;10_0202_0;0;202;False;1499,5;(69, 75);165,296463;0,908512572;43,69465296;0,68965075;0,906408492;617,1825836;0,974000911;0,927704863;0,913355722;43,3501535
0;2;11;11_0205_0;0;205;False;1519,5;(72, 71);191,9238799;0,836959515;43,98508256;0,518385135;0,846867559;560,8103722;0,973097045;0,925798048;0,911426178;39,22156745
0;2;12;12_0208_0;0;208;False;1543;(80, 71);165,0538229;0,924505692;44,32390571;0,711745311;0,889825406;541,9038388;0,969439606;0,92548924;0,913724979;43,40308409
0;2;13;13_0211_0;0;211;False;1298;(69, 70);146,5685415;0,946409041;40,6529818;0,759281859;0,934574751;620,7589053;0,975974269;0,937361896;0,919098692;41,86809697
0;2;16;16_0220_0;0;220;False;1133;(74, 74);174,2253957;0,777091907;37,98131651;0,469047532;0,735673798;627,8504821;0,974912013;0,943622651;0,90124185;52,03077032
0;2;18;18_0524_0;0;524;False;1110,5;(74, 79);163,6396091;0,849330784;37,602294;0,521136582;0,805178613;584,9985518;0,974341315;0,944811307;0,899087444;45,17625887
0;2;19;19_0824_0;0;824;False;1103;(88, 80);145,3969685;0,90372798;37,47510131;0,655653937;0,852460427;660,4877639;0,976522397;0,94584868;0,889037837;38,9569145
0;5;2;2_0505_0;0;505;False;1697,5;(69, 77);172,9533175;0,917319643;46,49004331;0,713118746;0,922008997;488,5381155;0,958671262;0,918321118;0,91068869;35,93987085
0;5;4;4_1205_0;0;1205;False;2205,5;(74, 76);291,2375882;0,738119143;52,99179008;0,326754874;0,554790365;396,8002409;0,944854526;0,891423074;0,906164643;29,0853594
0;5;11;11_0206_0;0;206;False;1366;(75, 75);160,5685413;0,919246299;41,70425899;0,665793636;0,894225329;526,5936613;0,968415081;0,933602245;0,915058808;18,31398426
0;5;12;12_0208_0;0;208;False;1281,5;(76, 74);160,8111819;0,905014124;40,39376779;0,622724549;0,915470097;544,1193641;0,970533603;0,937353075;0,900665848;19,88866932
0;5;13;13_0211_0;0;211;False;1782,5;(71, 71);184,1248906;0,912932138;47,63978892;0,660715354;0,640264519;495,4903111;0,964463901;0,914133983;0,921597822;18,9359187
0;5;14;14_0214_0;0;214;False;1212;(65, 69);153,8822494;0,880813953;39,28315578;0,643184296;0,913950535;540,2651593;0,978292112;0,940621602;0,917137587;26,99460108
0;5;15;15_0218_0;0;218;False;1409,5;(76, 75);199,4385985;0,788972852;42,36308698;0,445303919;0,807177208;590,3841938;0,970690491;0,930513589;0,900522923;32,28766012
0;5;17;17_0223_0;0;223;False;1389,5;(68, 77);206,9533172;0,762623491;42,06145917;0,407683966;0,657556101;505,8700233;0,959644182;0,920893178;0,888435761;30,88499947
0;5;18;18_0624_0;0;624;False;935;(71, 73);131,254833;0,921182266;34,50331831;0,682010196;0,804317424;626,9179621;0,978235089;0,953818404;0,898706822;21,86033382
0;10;2;2_0505_0;0;505;False;1564;(67, 79);167,0538223;0,911421911;44,62450726;0,704261227;0,881587741;777,4707957;0,96907183;0,924710057;0,894678277;11,59179929
0;10;3;3_0905_0;0;905;False;1650;(67, 77);177,5391036;0,90884054;45,83497844;0,657818014;0,825362968;608,6067315;0,968599985;0,920318016;0,92137459;10,83753837
0;10;4;4_1205_0;0;1205;False;1789;(61, 77);196,2253956;0,856390618;47,72657064;0,583861419;0,910135745;650,7986399;0,962110655;0,913473827;0,916390831;12,39899079
0;10;5;5_1504_0;0;1504;False;2033,5;(66, 70);270,2670254;0,737042407;50,88352007;0,349838754;0,774127642;594,2669504;0,956341547;0,900551043;0,91241576;17,00395215
0;10;6;6_1401_0;0;1401;False;1463,5;(78, 76);162,4680358;0,916405761;43,16695581;0,696733561;0,906940832;738,5492674;0,971219994;0,929380242;0,895518689;14,70147147
0;10;7;7_1101_0;0;1101;False;1474;(72, 73);179,5391039;0,867313916;43,32153147;0,574631251;0,945484598;541,8879085;0,966092159;0,928300724;0,908555665;15,00582236
0;10;12;12_0208_0;0;208;False;1454,5;(71, 75);171,639609;0,876997287;43,03402047;0,620423953;0,947817361;620,0107454;0,974646645;0,929414292;0,912134455;8,971735065
0;10;13;13_0211_0;0;211;False;1347;(76, 80);151,8822495;0,92039631;41,41320643;0,733775857;0,911616819;520,1160516;0,975045731;0,934959168;0,90975902;13,86781467
0;10;14;14_0214_0;0;214;False;1849;(86, 72);206,0243849;0,85050598;48,52030419;0,547405962;0,576344488;596,8091342;0,966731273;0,911068042;0,919380139;10,49348954
0;10;15;15_0217_0;0;217;False;1621;(75, 74);195,3969682;0,874797625;45,43040064;0,533528025;0,517345885;564,2454307;0,969127293;0,921742365;0,932314628;9,686298035
0;10;16;16_0220_0;0;220;False;1312,5;(69, 74);154,8111821;0,91559121;40,87941906;0,688183922;0,88606778;689,2063445;0,976579267;0,936370296;0,917027773;18,19489043
0;10;17;17_0223_0;0;223;False;1150,5;(78, 77);152,1248903;0,895679253;38,2735169;0,624735134;0,885311222;658,3523837;0,976231094;0,943676594;0,894800721;12,27989696
0;10;18;18_0524_0;0;524;False;1091;(72, 70);134,9116873;0,942548596;37,27069014;0,753243629;0,86205124;638,6158325;0,975926228;0,946605398;0,894430286;16,80546244
0;10;19;19_0824_0;0;824;False;1317;(76, 72);150,2253959;0,936034115;40,9494381;0,733345995;0,933789499;548,201501;0,972239173;0,936253102;0,911208042;8,852641236
0;20;1;1_0405_0;0;405;False;1487,5;(69, 74);155,2964631;0,947150589;43,51946487;0,775074964;0,921950368;652,8623641;0,965767692;0,928330682;0,902509083;1,344436995
0;20;3;3_0705_0;0;705;False;2091,5;(64, 66);228,2670255;0,858932238;51,60407453;0,504407312;0,510671781;626,9766769;0,947546959;0,898723036;0,901473414;0,304350895
0;20;13;13_0210_0;0;210;False;2092,5;(90, 72);231,4385985;0,824793063;51,61640967;0,490912114;0,552379521;374,2134842;0,951504928;0,899072721;0,923450513;5,478316101
0;20;18;18_0524_0;0;524;False;1716,5;(69, 77);246,4091611;0,731203408;46,74949923;0,355254814;0,630439396;523,9385785;0,953159892;0,915159338;0,890082918;8,336567981
0;20;19;19_0824_0;0;824;False;1309,5;(66, 72);149,9827553;0,931365576;40,83267299;0,73153096;0,883547639;651,0129254;0,968107563;0,936451168;0,896734299;7,886657963
0;20;20;20_1024_0;0;1024;False;1450;(80, 79);182,5685414;0,84179971;42,96739857;0,546670923;0,777577073;529,3273231;0,963060913;0,929336056;0,908252374;2,455979392
0;50;1;1_0505_0;0;505;False;1532;(64, 80);165,8822497;0,915446669;44,16563124;0,6996306;0,802152921;609,0186477;0,971348983;0,925903236;0,906584672;3,990966513
0;50;2;2_0805_0;0;805;False;1555,5;(73, 81);159,639609;0,939028071;44,5030798;0,76700566;0,899664542;583,4558451;0,968729634;0,925323299;0,924601271;3,075267299
0;50;7;7_0901_0;0;901;False;1519,5;(70, 71);167,2964635;0,916189328;43,98508256;0,682239794;0,913146802;642,0638128;0,967449388;0,926484362;0,901542329;1,998129786
0;50;9;9_0301_0;0;301;False;1756;(82, 73);193,0538223;0,8870927;47,28433822;0,592076149;0,94992203;615,5838977;0,971895078;0,915258863;0,92008456;3,877165743
0;50;10;10_0204_0;0;204;False;1665;(72, 72);194,7106766;0,867413389;46,04284789;0,551879892;0,958634138;598,9028778;0,966665956;0,919175776;0,906976519;3,78453721
0;50;11;11_0207_0;0;207;False;1394,5;(77, 73);170,8111821;0,924121935;42,13706854;0,600614463;0,887450772;553,5796185;0,973331741;0,931897669;0,905904623;3,06997424
0;50;12;12_0210_0;1;210;False;1812,5;(73, 74);246,2670256;0,766060862;48,03901201;0,375556557;0,874946551;632,4399786;0,968742332;0,911283827;0,912874746;3,440488373
0;50;13;13_0213_0;0;213;True;1226,5;(79, 72);156,3259007;0,900183486;39,517443;0,630689408;0,875814148;532,2071245;0,977046075;0,940248392;0,918925507;0,965983274
0;50;13;13_0213_1;0;213;True;1143,5;(81, 74);238,9533172;0,649162645;38,15690527;0,251663311;0,469827465;366,8682832;0,977387479;0,941426164;0,915473261;0,965983274
0;50;14;14_0216_0;0;216;True;1061,5;(66, 78);150,8111818;0,846153846;36,76334828;0,586492923;0,85118787;462,9851308;0,97847438;0,947780485;0,909659075;5,578884223
0;50;14;14_0216_1;0;216;True;1457;(76, 75);236,3675311;0,697296004;43,07098811;0,327713082;0,699346367;455,6726205;0,9706858;0,927088901;0,913113812;5,578884223
0;50;15;15_0219_0;0;219;True;982,5;(75, 78);136,811182;0,892370572;35,36888255;0,659628228;0,825156475;551,4352534;0,979970013;0,951744592;0,914085136;4,816683722
0;50;15;15_0219_1;0;219;True;1439,5;(82, 77);220,6101712;0,778950216;42,81154429;0,371681093;0,61135444;397,2846541;0,969974298;0,928346019;0,91713974;4,816683722
1;0;1;1_0405_0;0;405;False;2255,5;(57, 76);206,2670254;0,910026226;53,58910144;0,666182292;0,835929788;664,3717301;0,949359769;0,892205204;0,901912328;73,94403472
1;0;3;3_1105_0;0;1105;False;2100;(78, 69);190,8528126;0,921254661;51,70882946;0,72448939;0,944805652;743,9345807;0,962896423;0,899932952;0,91978575;110,0426973
1;0;4;4_1405_0;0;1405;False;2200;(60, 75);219,5391039;0,878769722;52,92567428;0,573599509;0,844376906;723,6345313;0,950023573;0,894444715;0,903097172;107,1844455
1;0;5;5_1502_0;0;1502;False;1943,5;(72, 74);182,8111821;0,929015296;49,74475907;0,730783772;0,908724289;482,0425869;0,967336687;0,907216958;0,923108273;84,84773634
1;0;7;7_1001_0;0;1001;False;2182;(82, 73);244,5096663;0,823551614;52,70871547;0,45864065;0,659497592;479,448646;0,944079745;0,894364635;0,909143909;81,03673383
1;0;8;8_0701_0;0;701;False;2213;(74, 84);216,7106766;0,859083851;53,08181527;0,592148539;0,8969123;755,7640293;0,951285411;0,894013449;0,915434314;89,18804474
1;0;9;9_0401_0;0;401;False;2327;(67, 88);233,1959583;0,884622695;54,43186953;0,537729929;0,577452994;589,7354799;0,943113673;0,88781865;0,91094084;92,7343943
1;0;10;10_0203_0;0;203;False;2541;(60, 84);303,3380933;0,736842105;56,8797124;0,347024889;0,635167161;694,5258006;0,945774356;0,876880031;0,91829422;87,54719644
1;0;11;11_0206_0;0;206;False;1881,5;(78, 75);185,781744;0,915794597;48,94486902;0,685027515;0,919767064;701,2364622;0,960865363;0,909805325;0,910450394;86,80616818
1;0;12;12_0209_0;0;209;False;2002;(74, 65);294,6518012;0,680836592;50,48787546;0,289771545;0,512307096;593,82355;0,950973564;0,900825037;0,892018395;91,83457426
1;0;14;14_0215_0;0;215;False;1844,5;(70, 75);188,3259008;0,915611814;48,46122512;0,653534346;0,671158057;543,4184463;0,96928807;0,911902932;0,943557529;101,7855252
1;0;15;15_0219_0;0;219;False;1717,5;(75, 69);171,2964633;0,927125506;46,76311493;0,735545965;0,873426892;639,7850178;0,962489936;0,917470546;0,897292838;121,846219
1;0;16;16_0222_0;0;222;False;1760,5;(68, 74);180,8111819;0,907474227;47,34488587;0,676698671;0,968186315;556,3440572;0,961006084;0,915351341;0,914695325;128,0390981
1;0;17;17_0424_0;0;424;False;1745;(69, 86);177,0538226;0,936409981;47,13600541;0,699511212;0,922504933;599,140074;0,958398426;0,916261759;0,908205556;129,0977099
1;0;18;18_0724_0;0;724;False;1550;(71, 69);170,2253954;0,902474527;44,42433223;0,672191256;0,797040206;814,1428148;0,962332707;0,925015793;0,898745927;114,0654222
1;0,1;4;4_1405_0;0;1405;False;2116,5;(71, 74);203,4385985;0,889285714;51,91157382;0,642630637;0,943902058;690,638122;0,957413247;0,898819614;0,907256365;69,55079572
1;0,1;5;5_1401_0;0;1401;False;2240,5;(78, 72);196,9533173;0,936076875;53,41060943;0,725818799;0,995452002;419,4945809;0,964536569;0,87183832;0,928944236;137,5666043
1;0,1;6;6_1201_0;0;1201;False;1977;(62, 73);171,8822496;0,963920039;50,17165116;0,8409196;0,916458879;645,7058773;0,962247562;0,906095004;0,918101519;89,87614242
1;0,1;8;8_0601_0;0;601;False;1875,5;(68, 65);174,8111819;0,937984496;48,86676546;0,771238168;0,962763039;600,3922018;0,965997017;0,910447709;0,927849954;84,21256925
1;0,1;9;9_0301_0;0;301;False;2309;(73, 70);282,9949477;0,774182733;54,22093792;0,362306756;0,760409772;647,6193342;0,957142094;0,888007046;0,91239362;122,746039
1;0,1;10;10_0204_0;0;204;False;1857;(73, 68);202,9949472;0,859722222;48,6251564;0,566306194;0,92149795;620,4916863;0,963304966;0,910373248;0,905822002;94,26938142
1;0,1;11;11_0207_0;0;207;False;1710,5;(65, 72);172,9533178;0,922848665;46,66772162;0,718580037;0,840097283;616,0699238;0,968247253;0,91782821;0,913352912;89,92907301
1;0,1;16;16_0222_0;0;222;False;1644;(83, 74);165,7401145;0,937553464;45,75156622;0,752066785;0,914659325;642,9750659;0,968570204;0,92108961;0,920757577;81,24845619
1;1;5;5_1503_0;0;1503;False;1769;(70, 78);185,5391033;0,900483584;47,45904292;0,645753532;0,75533213;1003,209909;0,963149523;0,914745026;0,868354148;30,03811003
1;1;6;6_1301_0;0;1301;False;1680,5;(80, 69);173,9827547;0,91182854;46,25666498;0,697647392;0,839278948;584,4434138;0,95574198;0,918868509;0,898553819;49,43717139
1;1;8;8_0701_0;0;701;False;1869,5;(79, 75);178,8111821;0,941339376;48,78853686;0,734760811;0,821549149;613,0485998;0,966301213;0,910794963;0,922111146;52,45421504
1;1;10;10_0202_0;1;202;False;1922,5;(70, 69);252,6101716;0,773175146;49,4752769;0,378594713;0,846776227;734,0137881;0,959170898;0,906005662;0,899454835;35,35763436
1;1;17;17_0324_0;0;324;False;1577;(77, 82);194,5685412;0,850822768;44,80958337;0,523475442;0,95956326;677,2141656;0,962026559;0,923098724;0,905007928;78,28434313
1;2;1;1_0405_0;0;405;False;2699,5;(76, 71);268,7523068;0,834982988;58,62687226;0,469665646;0,758638258;815,7084401;0,954589878;0,870834915;0,917564066;37,18373972
1;2;3;3_1005_0;0;1005;False;2610,5;(76, 69);410,2914106;0,491665882;57,65233587;0,194871672;0,697160756;541,0598538;0,950942431;0,870942607;0,899900508;50,28406083
1;2;4;4_1305_0;0;1305;False;2998;(65, 78);322,1665204;0,772381811;61,7832676;0,362978315;0,572872342;855,5216778;0,936163424;0,855723269;0,90218131;53,61868803
1;2;5;5_1502_0;0;1502;False;1859,5;(71, 73);175,7817442;0,935832914;48,65787638;0,75623802;0,871096123;767,3003921;0,963730153;0,911041403;0,89610042;48,59028194
1;2;6;6_1201_0;0;1201;False;1969,5;(72, 63);210,6101717;0,891176471;50,07639447;0,557965267;0,86887702;841,1692744;0,963066723;0,905035967;0,891470769;39,45975511
1;2;7;7_0801_0;0;801;False;2227;(73, 73);264,509666;0,796922526;53,24945508;0,399988023;0,956934866;741,1897313;0,957846039;0,891887562;0,906121239;39,90966513
1;2;8;8_0601_0;0;601;False;1713,5;(72, 75);176,6101719;0,930238871;46,70862832;0,690339218;0,93641522;775,7755117;0,967621202;0,917637558;0,899618137;46,18194008
1;2;9;9_0202_0;0;202;False;2387;(75, 70);371,4802287;0,718543046;55,1291465;0,21736563;0,794715106;587,723525;0,957549919;0,881459393;0,897705975;52,50714563
1;2;10;10_0203_0;0;203;False;2291;(60, 76);291,3380928;0,760497925;54,00918252;0,339187944;0,761085725;697,9971975;0,961934641;0,888767654;0,916299392;43,3501535
1;2;11;11_0206_0;0;206;False;1787;(79, 73);192,3675308;0,859961501;47,69988539;0,606835355;0,770565493;698,7882299;0,972077881;0,914139902;0,918091998;39,22156745
1;2;12;12_0209_0;0;209;False;2178;(74, 72);237,3380936;0,824531516;52,66038101;0,485884271;0,783281554;679,765973;0,963051773;0,894996906;0,904627605;43,40308409
1;2;13;13_0213_0;0;213;False;1798;(78, 78);193,88225;0,874088478;47,8464701;0,601067782;0,962254474;644,7632574;0,969985942;0,913451737;0,917434666;41,86809697
1;2;16;16_0221_0;0;221;False;1281;(73, 79);151,0538229;0,923909124;40,38588685;0,705497618;0,818513087;614,8832477;0,978161437;0,937571751;0,901569824;52,03077032
1;2;18;18_0624_0;0;624;False;1380,5;(76, 71);167,2964635;0,889497423;41,92501868;0,619830231;0,928311562;728,6671861;0,975596155;0,93271723;0,888181689;45,17625887
1;2;19;19_1024_0;0;1024;False;1391;(76, 75);161,8822496;0,906188925;42,08415624;0,667019503;0,872571216;743,2133887;0,969107703;0,932244587;0,886557116;38,9569145
1;5;4;4_1205_0;0;1205;False;1889;(72, 64);191,3969684;0,897174068;49,04232356;0,647995087;0,97503028;776,3762617;0,958191612;0,909241535;0,903958524;29,0853594
1;5;11;11_0207_0;0;207;False;1817,5;(78, 71);207,7817445;0,843583198;48,10522708;0,529016852;0,801117851;791,2624804;0,963122688;0,912037739;0,89666285;18,31398426
1;5;12;12_0210_0;0;210;False;2315,5;(66, 78);310,409161;0,709731801;54,29720219;0,301985152;0,532646929;1005,471428;0,947502084;0,88651333;0,905069518;19,88866932
1;5;13;13_0213_0;1;213;False;1969;(67, 70);228,0243851;0,808458222;50,07003758;0,475875114;0,858025876;867,2700804;0,955163291;0,904403791;0,88043295;18,9359187
1;5;14;14_0216_0;1;216;False;1365,5;(74, 77);165,2964633;0,876725522;41,69662574;0,628021405;0,835164792;721,3661768;0,970045156;0,933624254;0,888241326;26,99460108
1;5;15;15_0219_0;1;219;False;1457;(75, 70);179,7401143;0,847339343;43,07098811;0,566734157;0,95500892;731,5299603;0,969867541;0,928974372;0,876501473;32,28766012
1;5;17;17_0524_0;1;524;False;1587;(52, 85);192,5685415;0,859231186;44,9514311;0,537794193;0,786238637;1052,245278;0,962398882;0,922652972;0,888235067;30,88499947
1;10;2;2_0905_0;0;905;False;2292,5;(75, 77);246,1248904;0,824343761;54,02686051;0,475563086;0,914213458;1023,457756;0,963814153;0,889609514;0,902457367;11,59179929
1;10;3;3_1205_0;0;1205;False;2488,5;(64, 60);249,9238795;0,826195219;56,28904518;0,500647442;0,718912824;1056,483099;0,952146951;0,880362427;0,894206353;10,83753837
1;10;4;4_1503_0;0;1503;False;2187,5;(78, 74);263,4385986;0,800548948;52,77510307;0,396094772;0,699594428;1102,323584;0,96107982;0,893873217;0,888546255;12,39899079
1;10;5;5_1301_0;0;1301;False;2145;(70, 74);206,0243853;0,898241206;52,25991603;0,635038282;0,986955369;997,9526126;0,961960683;0,892714012;0,890474584;17,00395215
1;10;6;6_1001_0;0;1001;False;1666,5;(78, 75);174,9533172;0,911652079;46,06358324;0,684180701;0,891193245;1041,843301;0,972560457;0,920050048;0,873600259;14,70147147
1;10;7;7_0701_0;0;701;False;1930;(71, 74);205,0538228;0,864114618;49,57168871;0,576808209;0,87855708;1110,759336;0,966753236;0,907223829;0,907781851;15,00582236
1;10;12;12_0213_0;0;213;False;1730;(64, 71);196,2253952;0,85770947;46,93297788;0,564606069;0,897537567;1087,414916;0,972904216;0,916443847;0,873244965;8,971735065
1;10;13;13_0216_0;0;216;False;1915;(78, 73);195,0538223;0,891942245;49,37867686;0,632513373;0,89190586;1123,77896;0,970772963;0,908156108;0,887983937;13,86781467
1;10;14;14_0219_0;0;219;False;1649;(76, 78);169,3969684;0,930324401;45,82108695;0,722136426;0,922750212;1129,279346;0,97356413;0,920806526;0,880037143;10,49348954
1;10;15;15_0222_0;0;222;False;1343,5;(73, 67);173,2964631;0,839949984;41,35936808;0,562170609;0,876450507;1111,584788;0,97664453;0,934455094;0,877357624;9,686298035
1;10;16;16_0424_0;0;424;False;1661,5;(79, 76);185,7817446;0,887079552;45,99442905;0,604928625;0,767776507;1219,166271;0,968909056;0,919454778;0,86184875;18,19489043
1;10;17;17_0724_0;0;724;False;1444,5;(74, 80);165,9827549;0,9028125;42,88583125;0,658872639;0,926116725;1115,324401;0,975645451;0,930071941;0,872892397;12,27989696
1;10;18;18_1024_0;0;1024;False;1381;(70, 77);156,7106762;0,92035988;41,93261036;0,706653271;0,891497953;1096,74608;0,974634876;0,933086297;0,873879298;16,80546244
1;10;19;19_1324_0;0;1324;False;1698;(73, 44);201,0538225;0,850062578;46,49688965;0,527865017;0,755263644;765,5896856;0,972390384;0,893512887;0,902951893;8,852641236
1;20;3;3_0805_0;0;805;False;2040;(70, 69);195,8822496;0,914798206;50,96477873;0,668112913;0,964881115;1385,954113;0,961830923;0,902466908;0,888025147;0,304350895
1;20;13;13_0213_0;0;213;False;1877;(78, 69);245,6812392;0,784863057;48,88630305;0,390778038;0,955631616;1191,757689;0,964304563;0,908342494;0,862354854;5,478316101
1;20;18;18_0824_0;0;824;False;2080,5;(69, 81);269,5807341;0,756270447;51,46819283;0,359749236;0,77440676;1135,96072;0,956077972;0,898266762;0,872662157;8,336567981
1;20;19;19_1124_0;0;1124;False;2839,5;(86, 71);441,1787128;0,578722103;60,12789442;0,183325399;0,569899364;987,971619;0,934352294;0,858349266;0,885103317;7,886657963
1;20;20;20_1424_0;0;1424;False;2697,5;(74, 89);429,3797235;0,664490701;58,60515056;0,183860422;0,665270304;1050,433596;0,937829332;0,864668045;0,872420952;2,455979392
1;50;1;1_0405_0;0;405;False;2903,5;(75, 72);275,0954529;0,822987528;60,80173532;0,482130793;0,78468783;1115,723694;0,956420773;0,861462461;0,897744223;3,990966513
1;50;2;2_0705_0;0;705;False;2845,5;(72, 67);285,5807339;0,813464837;60,19138746;0,438440479;0,666325683;1090,002725;0,95289911;0,864028003;0,911768654;3,075267299
1;50;7;7_0901_0;0;901;False;2020,5;(74, 78);190,9533175;0,916326531;50,72061218;0,696328712;0,949591795;1183,944167;0,973678899;0,903929313;0,881598072;1,998129786
1;50;9;9_0301_0;0;301;False;2380;(74, 68);259,6812391;0,821397757;55,04825262;0,443512303;0,740154664;1137,5471;0,95996026;0,885008635;0,873576475;3,877165743
1;50;10;10_0204_0;0;204;False;2772,5;(82, 74);378,8944423;0,704663871;59,41427975;0,242686126;0,732693332;1016,136375;0,950986669;0,864101324;0,890627214;3,78453721
1;50;11;11_0207_0;0;207;False;2180,5;(72, 72);205,7817445;0,910058431;52,69059525;0,647071491;0,789512533;1071,630856;0,962148854;0,895734703;0,889148531;3,06997424
1;50;12;12_0210_0;0;210;False;2065,5;(63, 74);220,2670255;0,845303867;51,28231937;0,534978205;0,729698041;1038,249498;0,964711871;0,900623295;0,884058014;3,440488373
1;50;13;13_0213_0;0;213;False;2079,5;(82, 76);202,811182;0,901387083;51,45582215;0,635308983;0,864880096;1073,4232;0,964452432;0,900499894;0,896003295;0,965983274
1;50;14;14_0216_0;0;216;False;2214;(72, 89);216,2253957;0,892561983;53,0938071;0,595078253;0,697985908;828,2898568;0,969023504;0,893946605;0,913187545;5,578884223
1;50;15;15_0218_0;0;218;False;2210;(73, 73);232,024385;0,867517174;53,04582353;0,515863591;0,718663388;896,671495;0,961337692;0,893686603;0,898705048;4,816683722
2;0;4;4_1405_0;0;1405;False;3246;(77, 72);434,0487702;0,695745365;64,28791148;0,216511675;0,689995014;736,379985;0,925769881;0,840489973;0,881818008;107,1844455
2;0;5;5_1401_0;0;1401;False;3091;(78, 76);271,8233746;0,859924885;62,73422856;0,525696723;0,694065167;609,3142132;0,933714571;0,85332697;0,922069006;84,84773634
2;0;7;7_0901_0;0;901;False;2129,5;(69, 74);203,2964633;0,915126773;52,07075581;0,647482242;0,920466552;484,8239664;0,953090834;0,898163032;0,925230804;81,03673383
2;0;8;8_0601_0;0;601;False;1767,5;(77, 81);169,7817446;0,943673251;47,43891752;0,770526009;0,90398428;723,9745965;0,958900242;0,915300779;0,893354375;89,18804474
2;0;9;9_0401_0;0;401;False;2114;(85, 70);214,3675309;0,871572872;51,88090591;0,578091835;0,906407386;795,0069491;0,952644145;0,898542029;0,902993131;92,7343943
2;0;10;10_0203_0;0;203;False;2058,5;(73, 77);190,2670252;0,916926503;51,19534747;0,714551737;0,899717026;612,1597125;0,958029441;0,901984069;0,922597784;87,54719644
2;0;11;11_0206_0;0;206;False;2340,5;(67, 70);219,4385985;0,877248876;54,58953338;0,610790773;0,817619772;696,2823194;0,949240837;0,888163573;0,902564086;86,80616818
2;0;12;12_0209_0;0;209;False;2044;(83, 83);200,7106768;0,889469104;51,01471973;0,637602197;0,975563005;678,7859211;0,960135367;0,902255594;0,914332058;91,83457426
2;0;14;14_0215_0;1;215;False;2278;(93, 75);237,539104;0,860596902;53,85573027;0,507333284;0,9226463;457,1144121;0,957645261;0,890225923;0,922979999;101,7855252
2;0;15;15_0218_0;0;218;False;2462;(87, 82);293,1370826;0,730997625;55,98853239;0,360044673;0,691556372;593,6882247;0,942464322;0,880270812;0,90379869;121,846219
2;0;16;16_0221_0;0;221;False;2035,5;(71, 67);187,4385985;0,941271676;50,90853655;0,728052863;0,964689681;592,9118574;0,95985051;0,902881408;0,919672954;128,0390981
2;0;18;18_0724_0;0;724;False;1493,5;(70, 81);162,9533173;0,925627518;43,60714689;0,706787205;0,964570781;850,0172335;0,963976888;0,92777915;0,887916048;114,0654222
2;0,1;4;4_1305_0;0;1305;False;2664,5;(69, 66);239,9238797;0,876192042;58,24557294;0,581672641;0,882894455;785,0523885;0,951430637;0,873160379;0,907315827;69,55079572
2;0,1;5;5_1502_0;0;1502;False;2614,5;(73, 78);217,4385984;0,92108508;57,69648854;0,69490467;0,911706118;662,4489162;0,94853005;0,876062817;0,912939921;137,5666043
2;0,1;6;6_1301_0;0;1301;False;2464,5;(82, 73);205,7817441;0,932639546;56,01695152;0,731349551;0,903410099;596,8974115;0,958082144;0,883673205;0,929920646;89,87614242
2;0,1;8;8_0601_0;0;601;False;2308,5;(80, 78);197,9238806;0,940325866;54,21506699;0,740531178;0,946705949;610,6722479;0,955437944;0,890382017;0,907180173;84,21256925
2;0,1;9;9_0301_0;0;301;False;2187;(64, 77);200,3675309;0,909166493;52,76907129;0,684548076;0,887425272;688,0260497;0,960463867;0,895913098;0,916429082;122,746039
2;0,1;10;10_0203_0;0;203;False;2188,5;(84, 82);197,2964634;0,919344675;52,78716457;0,706509188;0,880723521;585,8096729;0,959539205;0,895760706;0,919503705;94,26938142
2;0,1;16;16_0222_0;0;222;False;1803;(75, 74);183,5391034;0,901274681;47,91295127;0,672586861;0,926095183;720,6519919;0,964542892;0,913571502;0,907655576;81,24845619
2;1;1;1_0306_0;0;306;False;2671,5;(72, 76);223,095453;0,916623778;58,32203223;0,674502564;0,878736772;1002,121144;0,949905809;0,87381407;0,891284932;56,90038463
2;1;5;5_1502_0;0;1502;False;2976;(62, 74);374,7939366;0,75284594;61,55616042;0,266230421;0,684027874;851,4422121;0,942612625;0,854793891;0,915421119;30,03811003
2;1;6;6_1201_0;0;1201;False;2088,5;(79, 74);217,2964628;0,86677734;51,56705139;0,55582622;0,925660377;1045,865585;0,95377907;0,899496862;0,876265714;49,43717139
2;1;8;8_0701_0;0;701;False;2348;(71, 41);206,8528122;0,911667637;54,67692796;0,689580699;0,816204244;809,0405718;0,938678078;0,847951887;0,90317912;52,45421504
2;1;10;10_0203_0;0;203;False;1946;(86, 71);200,2253954;0,869526363;49,7767431;0,609978292;0,927432919;1126,432202;0,968211026;0,906670053;0,873665297;35,35763436
2;1;17;17_0324_0;0;324;False;1494,5;(79, 72);152,4680357;0,955868244;43,62174343;0,807882449;0,902802907;816,6289732;0,96256449;0,928214711;0,898934675;78,28434313
2;2;1;1_0505_0;0;505;False;2596,5;(73, 64);220,2670259;0,913938754;57,49753454;0,672510725;0,902371392;1104,135671;0,961050884;0,877154703;0,893832691;37,18373972
2;2;2;2_0705_0;0;705;False;2374,5;(72, 68);225,0954527;0,883206249;54,98460966;0,588909547;0,898338721;1030,988986;0,966951027;0,887095304;0,884151029;40,17431808
2;2;4;4_1405_0;0;1405;False;2636,5;(71, 72);357,7228694;0,687663015;57,93872677;0,25890726;0,60032546;1269,85157;0,960317107;0,870970816;0,877326499;53,61868803
2;2;5;5_1502_0;0;1502;False;2151;(80, 68);211,8822495;0,894572676;52,33295578;0,602089598;0,807137804;1050,557668;0,963211449;0,897343261;0,877223297;48,59028194
2;2;6;6_1201_0;0;1201;False;1949;(68, 86);188,3675311;0,928537399;49,81509684;0,690255081;0,98118859;968,3630946;0,970436944;0,907137892;0,877825685;39,45975511
2;2;7;7_0901_0;0;901;False;1818,5;(67, 79);188,1248901;0,875963391;48,11845916;0,645699799;0,891014613;1091,03695;0,968942044;0,912682593;0,875869613;39,90966513
2;2;8;8_0601_0;0;601;False;1837,5;(76, 79);186,4680361;0,910780669;48,36918093;0,66409226;0,970075504;1121,808961;0,968255521;0,911917415;0,871579288;46,18194008
2;2;9;9_0301_0;0;301;False;2216,5;(68, 71);206,9533173;0,889803292;53,12377482;0,650328543;0,880553044;1002,220856;0,963638376;0,894360153;0,897267681;52,50714563
2;2;10;10_0204_0;0;204;False;2364,5;(64, 72);255,0954528;0,800575588;54,86870605;0,456608244;0,678189485;974,0086041;0,964774543;0,886388409;0,890855155;43,3501535
2;2;11;11_0207_0;0;207;False;2451,5;(73, 69);241,7817442;0,849887329;55,86901417;0,526980747;0,794550379;930,8474069;0,958190618;0,883024426;0,90799992;39,22156745
2;2;12;12_0211_0;0;211;False;1996,5;(66, 69);191,2964629;0,904416761;50,41847629;0,685591301;0,912172302;1075,351922;0,968159392;0,904892795;0,881673986;43,40308409
2;2;13;13_0213_0;0;213;False;1812,5;(75, 74);188,1248902;0,898166501;48,03901201;0,643569361;0,951619473;1050,49206;0,969861076;0,912928743;0,874477205;41,86809697
2;2;16;16_0223_0;0;223;False;1578,5;(73, 75);192,8111819;0,874757551;44,83088914;0,533568296;0,822057246;931,947251;0,966537817;0,922861074;0,884818352;52,03077032
2;2;18;18_0724_0;0;724;False;1639,5;(71, 67);181,2964636;0,898356164;45,68890712;0,626819674;0,871171503;873,8011426;0,963306692;0,92095955;0,883296159;45,17625887
2;5;1;1_0307_0;0;307;False;2212,5;(76, 68);201,6396092;0,923414023;53,07581834;0,68381945;0,936775426;1404,123194;0,964957221;0,89488637;0,848689792;17,89053954
2;5;4;4_1205_0;0;1205;False;2105,5;(80, 77);191,2964638;0,91503694;51,77649912;0,723021523;0,9354998;1327,817177;0,963833362;0,899689393;0,882488853;29,0853594
2;5;12;12_0210_0;0;210;False;2225,5;(65, 70);254,6101717;0,814008778;53,23151892;0,431405784;0,721933077;1032,51459;0,954245301;0,891974166;0,885407723;19,88866932
2;5;13;13_0213_0;0;213;False;2152;(74, 72);251,5391039;0,786981167;52,34511916;0,42740649;0,802400579;1137,11068;0,957929895;0,895919254;0,895262096;18,9359187
2;5;14;14_0216_0;0;216;False;1667,5;(63, 80);195,7817445;0,84089763;46,07740163;0,54667765;0,651735483;1178,518129;0,966382362;0,919321281;0,887610031;26,99460108
2;5;15;15_0219_0;0;219;False;2055,5;(60, 78);288,7523069;0,722749648;51,15802854;0,309796438;0,561591588;1146,738894;0,951428398;0,898548425;0,881769406;32,28766012
2;5;17;17_0424_0;0;424;False;2044,5;(74, 67);247,4385986;0,788013105;51,02095892;0,419625705;0,626896479;852,5773914;0,946687355;0,900198563;0,891210547;30,88499947
2;10;2;2_0605_0;0;605;False;2559;(80, 64);247,3380933;0,843580023;57,08081985;0,525651772;0,895509948;1121,818709;0,964137019;0,878224119;0,895335387;11,59179929
2;10;3;3_0905_0;0;905;False;2982,5;(81, 69);255,0954528;0,880053113;61,62334738;0,575950132;0,866101055;1140,481413;0,951498878;0,858890695;0,904285411;10,83753837
2;10;4;4_1205_0;0;1205;False;2471;(50, 83);274,1665201;0,80950041;56,09077389;0,413098644;0,559148061;1206,917609;0,954190018;0,880582341;0,865394535;12,39899079
2;10;5;5_1503_0;0;1503;False;2297,5;(60, 78);242,9533173;0,850453452;54,08574539;0,489124838;0,850753276;1313,206082;0,960432413;0,889519196;0,869582605;17,00395215
2;10;6;6_1301_0;0;1301;False;3514,5;(64, 66);454,8355668;0,667521368;66,89394875;0,213483629;0,502075389;684,1145124;0,938299468;0,82826192;0,913106271;14,70147147
2;10;7;7_1001_0;0;1001;False;2359,5;(68, 53);385,5218589;0,648927393;54,81066234;0,199494915;0,906311963;1148,149409;0,96234081;0,882119326;0,880509174;15,00582236
2;10;12;12_0211_0;0;211;False;1950,5;(64, 83);210,9533175;0,862862199;49,83426263;0,550786262;0,821551847;1193,33893;0,970370806;0,906119935;0,880938079;8,971735065
2;10;13;13_0213_0;1;213;False;2489;(78, 73);214,7106768;0,909722222;56,29469981;0,678465047;0,881898518;1006,852269;0,960375424;0,881977884;0,901934996;13,86781467
2;10;14;14_0216_0;0;216;False;2534;(71, 74);351,7644995;0,622680919;56,80131166;0,257343059;0,50051704;959,4845467;0,956751768;0,875834351;0,901091719;10,49348954
2;10;15;15_0219_0;0;219;False;2345,5;(68, 65);311,580734;0,742481798;54,64781196;0,303601637;0,664945474;878,8405429;0,957818828;0,885083049;0,907442112;9,686298035
2;10;16;16_0223_0;0;223;False;1974,5;(81, 77);247,4385983;0,804440823;50,13991904;0,405258478;0,800747421;1159,342534;0,964682605;0,903806022;0,88518064;18,19489043
2;10;17;17_0524_0;0;524;False;1411;(79, 73);166,2253958;0,897868279;42,38562253;0,641714904;0,796078521;1380,151904;0,975920221;0,931583493;0,835388517;12,27989696
2;10;18;18_0824_0;0;824;False;1582,5;(73, 70);201,0954527;0,836195509;44,88765509;0,491755338;0,859699956;1122,194548;0,971966796;0,922861272;0,893720706;16,80546244
2;10;19;19_1024_0;0;1024;False;1693;(72, 72);197,8822494;0,850326469;46,42838086;0,543316814;0,770907025;838,3059965;0,973016779;0,918267949;0,89682353;8,852641236
2;20;1;1_0308_0;0;308;False;2383,5;(81, 80);218,1248902;0,891361257;55,08871441;0,629527301;0,95509289;1343,358798;0,960554916;0,886594288;0,874289615;1,344436995
2;20;3;3_0605_0;0;605;False;2460,5;(69, 72);250,6101713;0,826225655;55,97147398;0,492306814;0,843506796;1282,028633;0,957646488;0,882127583;0,879546933;0,304350895
2;20;13;13_0212_0;0;212;False;2229;(67, 69);206,7106769;0,9184178;53,27336056;0,655532328;0,908630884;1152,880844;0,965456742;0,893901323;0,900016746;5,478316101
2;20;18;18_0724_0;0;724;False;2558,5;(73, 96);331,2375876;0,725815603;57,0752431;0,293032682;0,549721478;1126,405855;0,951648499;0,874853649;0,880313974;8,336567981
2;20;19;19_1024_0;0;1024;False;2900;(77, 86);352,4507909;0,75226978;60,7650778;0,293366746;0,648428379;1028,081175;0,938456601;0,858929048;0,89692499;7,886657963
2;20;20;20_1324_0;0;1324;False;3292,5;(78, 90);390,5512965;0,739970783;64,74674664;0,271256079;0,594809051;817,7893354;0,935694836;0,839986939;0,915979202;2,455979392
2;50;1;1_0505_0;0;505;False;2927;(74, 64);335,4802287;0,767435763;61,04729435;0,32681255;0,753881365;1225,68352;0,946927746;0,858367715;0,876735651;3,990966513
2;50;2;2_0805_0;0;805;False;2709,5;(74, 67);301,5807338;0,797263499;58,73536027;0,374362063;0,637903561;1254,741291;0,956023671;0,869643746;0,892388448;3,075267299
2;50;7;7_0801_0;0;801;False;2285,5;(75, 83);215,4385985;0,901933702;53,94431369;0,618791101;0,849575961;1148,143698;0,964641755;0,891114456;0,88308737;1,998129786
2;50;9;9_0301_0;0;301;False;1929;(78, 75);186,3675309;0,919447092;49,55884464;0,697913483;0,84067049;1285,945679;0,973201429;0,907871151;0,849706874;3,877165743
2;50;10;10_0204_0;0;204;False;2553,5;(77, 67);251,0954525;0,842461234;57,01944561;0,508941694;0,910015716;1133,827397;0,958663978;0,878356014;0,8821906;3,78453721
2;50;11;11_0207_0;0;207;False;2455;(83, 76);232,7106768;0,843497681;55,90888196;0,569677074;0,781100202;1126,774758;0,960633594;0,883151524;0,897494814;3,06997424
2;50;12;12_0210_0;0;210;False;2121;(65, 76);251,6812391;0,773522976;51,96673046;0,420773951;0,698742484;1141,244776;0,969540476;0,897561907;0,882947207;3,440488373
2;50;13;13_0213_0;0;213;False;2152,5;(77, 71);211,2964631;0,884892086;52,3511998;0,605854822;0,890365001;1200,064877;0,965072804;0,89715365;0,870239419;0,965983274
2;50;14;14_0217_0;0;217;False;1886;(82, 68);204,9116873;0,867325822;49,003365;0,564440404;0,73791003;1116,793905;0,971583726;0,908840841;0,884166874;5,578884223
2;50;15;15_0219_0;0;219;False;2100,5;(71, 70);192,6101714;0,928808313;51,7149849;0,711498706;0,908175836;1013,403595;0,969869988;0,900240896;0,898857192;4,816683722
